prob,algo,run,err
F1,DRTO,0,1.1032942755357238e-14
F1,DRTO,1,1.2556687361331083e-10
F1,DRTO,2,1.7855663002268367e-14
F1,DRTO,3,1.3772570262120394e-13
F1,DRTO,4,1.322991149025017e-14
F1,DRTO,5,1.603498588200005e-10
F1,DRTO,6,1.2780550378278558e-14
F1,DRTO,7,1.051601477132336e-14
F1,DRTO,8,1.522500203203707e-07
F1,DRTO,9,2.3930749786325544e-14
F1,DRTO,10,1.101594047824912e-14
F1,DRTO,11,3.951245346083236e-11
F1,DRTO,12,9.815489294527305e-15
F1,DRTO,13,3.0648556100613366e-14
F1,DRTO,14,3.028318837081568e-14
F1,DRTO,15,3.3599254956519475e-14
F1,DRTO,16,8.142444972021587e-13
F1,DRTO,17,8.597221609719028e-15
F1,DRTO,18,1.8565992547960294e-11
F1,DRTO,19,7.08193285760806e-14
F1,DRTO,20,2.4368849517188768e-14
F1,DRTO,21,9.652789903213482e-13
F1,DRTO,22,1.9176962942351945e-11
F1,DRTO,23,1.9572736171506945e-14
F1,DRTO,24,1.0960637595900011e-14
F1,DRTO,25,1.800004465483393e-14
F1,DRTO,26,1.981163547521455e-14
F1,DRTO,27,5.603239275130479e-13
F1,DRTO,28,4.273825537741817e-14
F1,DRTO,29,3.0425512532339145e-08
F1,DRTO-open,0,0.029687604217202505
F1,DRTO-open,1,38.408723802575594
F1,DRTO-open,2,66.65003136588427
F1,DRTO-open,3,34.176559308499144
F1,DRTO-open,4,39.332700527123556
F1,DRTO-open,5,19.999837943991903
F1,DRTO-open,6,34.195648103423544
F1,DRTO-open,7,1.1939591277742247
F1,DRTO-open,8,0.8864114166604203
F1,DRTO-open,9,217.10948531724054
F1,DRTO-open,10,10.56551129501086
F1,DRTO-open,11,17.444019005934816
F1,DRTO-open,12,5.085017895725585
F1,DRTO-open,13,5.021937691755183
F1,DRTO-open,14,16.291610130439924
F1,DRTO-open,15,0.13907306284217885
F1,DRTO-open,16,9.806231436428515
F1,DRTO-open,17,0.7542354604328205
F1,DRTO-open,18,0.7085667364667788
F1,DRTO-open,19,8.009802811960538
F1,DRTO-open,20,21.862611034336794
F1,DRTO-open,21,47.32704973128094
F1,DRTO-open,22,33.2354071763429
F1,DRTO-open,23,3.559101912504237
F1,DRTO-open,24,12.946905854152806
F1,DRTO-open,25,0.01792166405729758
F1,DRTO-open,26,34.61585874836752
F1,DRTO-open,27,26.472491489963538
F1,DRTO-open,28,0.0005290736887944407
F1,DRTO-open,29,54.66048977999792
F2,DRTO-open,0,5.613067747032625
F2,DRTO-open,1,2.0121064326153166
F2,DRTO-open,2,1.5732240866990357
F2,DRTO-open,3,0.9121299361847681
F2,DRTO-open,4,3.034813644204954
F2,DRTO-open,5,2.4081417466276904
F2,DRTO-open,6,3.6347161940055823
F2,DRTO-open,7,3.498114409223019
F2,DRTO-open,8,1.9593467388474086
F2,DRTO-open,9,1.7384486258798844
F2,DRTO-open,10,4.871591687694454
F2,DRTO-open,11,2.5423446029392167
F2,DRTO-open,12,4.554437515245137
F2,DRTO-open,13,0.8174892449759316
F2,DRTO-open,14,1.92908034753535
F2,DRTO-open,15,4.289833857928781
F2,DRTO-open,16,3.5213606250703835
F2,DRTO-open,17,0.607786402877906
F2,DRTO-open,18,5.852538072076041
F2,DRTO-open,19,2.318697856034072
F2,DRTO-open,20,7.329306262240214
F2,DRTO-open,21,2.9386796505831336
F2,DRTO-open,22,3.7352749957060323
F2,DRTO-open,23,1.8065336922799384
F2,DRTO-open,24,2.2155809150588768
F2,DRTO-open,25,1.5755924060153548
F2,DRTO-open,26,2.2437004256947555
F2,DRTO-open,27,1.2280957983106477
F2,DRTO-open,28,2.3312624204775267
F2,DRTO-open,29,0.49406498127231296
F2,DRTO,0,0.001271340607071639
F2,DRTO,1,0.009685837615597034
F2,DRTO,2,0.13886855363685893
F2,DRTO,3,0.4574564147961994
F2,DRTO,4,0.019928602028829918
F2,DRTO,5,4.348184276696464e-05
F2,DRTO,6,0.0019508486363540422
F2,DRTO,7,0.49627871420029174
F2,DRTO,8,0.02259321132176446
F2,DRTO,9,0.8939425961030104
F2,DRTO,10,0.8921556508661325
F2,DRTO,11,0.0850860140109888
F2,DRTO,12,0.9006570276113592
F2,DRTO,13,0.062465255585808205
F2,DRTO,14,0.16918245602693105
F2,DRTO,15,2.2600815313045346
F2,DRTO,16,0.0001821325572962338
F2,DRTO,17,0.000810390434799222
F2,DRTO,18,0.00014881598968779575
F2,DRTO,19,1.4975701093648588
F2,DRTO,20,2.2585664141222934
F2,DRTO,21,0.00018102792581785668
F2,DRTO,22,0.0021903475656477596
F2,DRTO,23,1.4139774019582705
F2,DRTO,24,0.29936190079940883
F2,DRTO,25,1.5688962260068768
F2,DRTO,26,0.21105186542243382
F2,DRTO,27,0.0662246511400683
F2,DRTO,28,0.0034744325592438756
F2,DRTO,29,0.04194415325996522
F3,DRTO-open,0,2690.5117004838726
F3,DRTO-open,1,1080.7293175435361
F3,DRTO-open,2,1220.5792884626126
F3,DRTO-open,3,680.6355319523733
F3,DRTO-open,4,1420.5342622343005
F3,DRTO-open,5,1018.6194620650512
F3,DRTO-open,6,1096.6157804879417
F3,DRTO-open,7,1061.6026688340905
F3,DRTO-open,8,651.5416883125093
F3,DRTO-open,9,1568.775110406071
F3,DRTO-open,10,2771.240819917434
F3,DRTO-open,11,628.604722184554
F3,DRTO-open,12,512.4419773665785
F3,DRTO-open,13,858.7818061867756
F3,DRTO-open,14,2631.914082583231
F3,DRTO-open,15,2873.459914252173
F3,DRTO-open,16,1243.5972982477444
F3,DRTO-open,17,1104.3187551573167
F3,DRTO-open,18,2166.759134900654
F3,DRTO-open,19,1769.8845328309465
F3,DRTO-open,20,1498.413065284601
F3,DRTO-open,21,1972.4731732762718
F3,DRTO-open,22,790.2474119808692
F3,DRTO-open,23,412.6884652494679
F3,DRTO-open,24,1630.2732044368738
F3,DRTO-open,25,1186.6873113473373
F3,DRTO-open,26,1921.255870260089
F3,DRTO-open,27,842.0762795167615
F3,DRTO-open,28,714.6469084536192
F3,DRTO-open,29,2061.408166322485
F3,DRTO,0,1241.5010804017306
F3,DRTO,1,1226.0552152928158
F3,DRTO,2,1151.8838408398221
F3,DRTO,3,1505.0486488470042
F3,DRTO,4,874.551381319407
F3,DRTO,5,1106.6549575662948
F3,DRTO,6,1461.6074976649518
F3,DRTO,7,552.6553554627774
F3,DRTO,8,878.3106696445893
F3,DRTO,9,891.9915629297359
F3,DRTO,10,1012.6483953132829
F3,DRTO,11,454.67439516220793
F3,DRTO,12,875.0829358813752
F3,DRTO,13,1646.2796607672842
F3,DRTO,14,1148.9075462598805
F3,DRTO,15,1876.6117629783973
F3,DRTO,16,1306.007359573328
F3,DRTO,17,1013.4095116283625
F3,DRTO,18,1226.1129405835509
F3,DRTO,19,330.4790581112098
F3,DRTO,20,580.0013406898368
F3,DRTO,21,718.332665812418
F3,DRTO,22,974.2353331251924
F3,DRTO,23,355.824190098755
F3,DRTO,24,1336.302643554635
F3,DRTO,25,1551.386284342751
F3,DRTO,26,534.7544356899712
F3,DRTO,27,1188.7299944993324
F3,DRTO,28,624.6701567307667
F3,DRTO,29,813.8825081069997
F4,DRTO-open,0,6.099521967708274
F4,DRTO-open,1,8.172161330798104
F4,DRTO-open,2,13.427129071517715
F4,DRTO-open,3,4.994280368770708
F4,DRTO-open,4,11.879012358928023
F4,DRTO-open,5,12.640595387521445
F4,DRTO-open,6,15.821762257538005
F4,DRTO-open,7,8.500679814873216
F4,DRTO-open,8,9.484627756040595
F4,DRTO-open,9,6.433690653334202
F4,DRTO-open,10,9.159604140162187
F4,DRTO-open,11,11.301324409176528
F4,DRTO-open,12,8.879364466091847
F4,DRTO-open,13,10.258317620353894
F4,DRTO-open,14,7.331361811566447
F4,DRTO-open,15,8.616649664208426
F4,DRTO-open,16,9.122555791941272
F4,DRTO-open,17,11.602279729983515
F4,DRTO-open,18,9.46513942863091
F4,DRTO-open,19,7.64964212701542
F4,DRTO-open,20,14.799130459094162
F4,DRTO-open,21,13.436845029215858
F4,DRTO-open,22,7.454765685174478
F4,DRTO-open,23,11.318980915865518
F4,DRTO-open,24,8.319155488455406
F4,DRTO-open,25,10.682037836607712
F4,DRTO-open,26,14.529767801992321
F4,DRTO-open,27,13.314199874978062
F4,DRTO-open,28,11.928374369317872
F4,DRTO-open,29,11.652358633584738
F4,DRTO,0,3.002776971274323
F4,DRTO,1,9.40984764528013
F4,DRTO,2,7.242756214701794
F4,DRTO,3,5.632360161386684
F4,DRTO,4,4.530476866541122
F4,DRTO,5,8.076788190053977
F4,DRTO,6,5.899994874686252
F4,DRTO,7,5.012935556359294
F4,DRTO,8,6.8979091812834135
F4,DRTO,9,3.558645945665485
F4,DRTO,10,3.170907064632521
F4,DRTO,11,6.371855843834534
F4,DRTO,12,9.287094325118916
F4,DRTO,13,3.3803398747567766
F4,DRTO,14,4.596430507263714
F4,DRTO,15,4.366779644504909
F4,DRTO,16,3.1697003897950435
F4,DRTO,17,6.578851700150741
F4,DRTO,18,6.477187174208899
F4,DRTO,19,2.6445464155627616
F4,DRTO,20,8.37885488765184
F4,DRTO,21,3.105883685872952
F4,DRTO,22,3.4867176664211734
F4,DRTO,23,5.968092085742583
F4,DRTO,24,2.1214540374734545
F4,DRTO,25,7.2208368985320845
F4,DRTO,26,3.5755752564723653
F4,DRTO,27,7.447685369826355
F4,DRTO,28,3.8729576634004097
F4,DRTO,29,7.016731361197312
F5,DRTO-open,0,659.1904469374118
F5,DRTO-open,1,7226.300251286297
F5,DRTO-open,2,379.6828514612934
F5,DRTO-open,3,2884.7058206360393
F5,DRTO-open,4,2948.596295679972
F5,DRTO-open,5,879.3916751596666
F5,DRTO-open,6,286.03335879617583
F5,DRTO-open,7,2382.4254370829526
F5,DRTO-open,8,2301.290621146419
F5,DRTO-open,9,274.31012473098184
F5,DRTO-open,10,256.485643449809
F5,DRTO-open,11,380.570008101869
F5,DRTO-open,12,1856.6023624760264
F5,DRTO-open,13,785.3544917682038
F5,DRTO-open,14,6224.064270883188
F5,DRTO-open,15,700.7167501502202
F5,DRTO-open,16,743.069845874159
F5,DRTO-open,17,2630.820186069926
F5,DRTO-open,18,313.8863580758504
F5,DRTO-open,19,4123.9243055228735
F5,DRTO-open,20,4230.214507466257
F5,DRTO-open,21,358.0835820640123
F5,DRTO-open,22,7199.47453028533
F5,DRTO-open,23,236.33235745712904
F5,DRTO-open,24,660.5634902894321
F5,DRTO-open,25,4770.8808042232995
F5,DRTO-open,26,925.6525767800459
F5,DRTO-open,27,136.82939094587857
F5,DRTO-open,28,545.1667443009553
F5,DRTO-open,29,535.3536652325549
F5,DRTO,0,29.144785764195056
F5,DRTO,1,28.472142870428105
F5,DRTO,2,28.227795091018024
F5,DRTO,3,28.978908612503496
F5,DRTO,4,302.0235414436586
F5,DRTO,5,28.29189108078057
F5,DRTO,6,105.52958380131179
F5,DRTO,7,202.93261142958474
F5,DRTO,8,28.44472649476057
F5,DRTO,9,471.8950108321904
F5,DRTO,10,147.89318854065408
F5,DRTO,11,43.046047223956435
F5,DRTO,12,95.71775910160768
F5,DRTO,13,395.60195186028795
F5,DRTO,14,101.62608206295275
F5,DRTO,15,115.79960518660464
F5,DRTO,16,28.711940616925613
F5,DRTO,17,130.63098337884
F5,DRTO,18,169.66715446074312
F5,DRTO,19,29.109680828024324
F5,DRTO,20,27.053656755033703
F5,DRTO,21,50.70731013394345
F5,DRTO,22,99.16548979799455
F5,DRTO,23,28.06296654755321
F5,DRTO,24,340.5857326934819
F5,DRTO,25,31.685349282974848
F5,DRTO,26,26.024988022736533
F5,DRTO,27,231.38441838227362
F5,DRTO,28,27.549591847364802
F5,DRTO,29,71.14473019224494
F6,DRTO-open,0,23.0
F6,DRTO-open,1,105.0
F6,DRTO-open,2,31.0
F6,DRTO-open,3,13.0
F6,DRTO-open,4,7.0
F6,DRTO-open,5,48.0
F6,DRTO-open,6,123.0
F6,DRTO-open,7,21.0
F6,DRTO-open,8,83.0
F6,DRTO-open,9,10.0
F6,DRTO-open,10,97.0
F6,DRTO-open,11,20.0
F6,DRTO-open,12,24.0
F6,DRTO-open,13,30.0
F6,DRTO-open,14,62.0
F6,DRTO-open,15,8.0
F6,DRTO-open,16,81.0
F6,DRTO-open,17,276.0
F6,DRTO-open,18,284.0
F6,DRTO-open,19,23.0
F6,DRTO-open,20,33.0
F6,DRTO-open,21,25.0
F6,DRTO-open,22,2.0
F6,DRTO-open,23,9.0
F6,DRTO-open,24,3.0
F6,DRTO-open,25,14.0
F6,DRTO-open,26,20.0
F6,DRTO-open,27,22.0
F6,DRTO-open,28,75.0
F6,DRTO-open,29,23.0
F6,DRTO,0,0.0
F6,DRTO,1,1.0
F6,DRTO,2,0.0
F6,DRTO,3,0.0
F6,DRTO,4,0.0
F6,DRTO,5,0.0
F6,DRTO,6,1.0
F6,DRTO,7,0.0
F6,DRTO,8,0.0
F6,DRTO,9,0.0
F6,DRTO,10,0.0
F6,DRTO,11,0.0
F6,DRTO,12,0.0
F6,DRTO,13,0.0
F6,DRTO,14,0.0
F6,DRTO,15,0.0
F6,DRTO,16,0.0
F6,DRTO,17,0.0
F6,DRTO,18,0.0
F6,DRTO,19,0.0
F6,DRTO,20,0.0
F6,DRTO,21,0.0
F6,DRTO,22,0.0
F6,DRTO,23,2.0
F6,DRTO,24,0.0
F6,DRTO,25,0.0
F6,DRTO,26,1.0
F6,DRTO,27,0.0
F6,DRTO,28,0.0
F6,DRTO,29,0.0
F7,DRTO-open,0,0.02257644589264352
F7,DRTO-open,1,0.08002914032567267
F7,DRTO-open,2,0.08505121040241827
F7,DRTO-open,3,0.1073378373437606
F7,DRTO-open,4,0.0479710389649889
F7,DRTO-open,5,0.030240795170888825
F7,DRTO-open,6,0.08067646433508456
F7,DRTO-open,7,0.11359586604626803
F7,DRTO-open,8,0.043037290996907576
F7,DRTO-open,9,0.03733956324588025
F7,DRTO-open,10,0.11998323101297084
F7,DRTO-open,11,0.07895073101047459
F7,DRTO-open,12,0.036718427325462565
F7,DRTO-open,13,0.08767736570461221
F7,DRTO-open,14,0.04174472274767719
F7,DRTO-open,15,0.1314873304407622
F7,DRTO-open,16,0.04005321051721137
F7,DRTO-open,17,0.04413198605191629
F7,DRTO-open,18,0.19311465506613532
F7,DRTO-open,19,0.1209508501320698
F7,DRTO-open,20,0.06413030787054937
F7,DRTO-open,21,0.07258217592208605
F7,DRTO-open,22,0.21641335078984725
F7,DRTO-open,23,0.10568225966874455
F7,DRTO-open,24,0.029392289121400163
F7,DRTO-open,25,0.06369594688396794
F7,DRTO-open,26,0.07726181176525222
F7,DRTO-open,27,0.06292981026700696
F7,DRTO-open,28,0.0541616500786745
F7,DRTO-open,29,0.0490356202841431
F7,DRTO,0,0.01903614575974365
F7,DRTO,1,0.054330893996881846
F7,DRTO,2,0.020960601712004576
F7,DRTO,3,0.03572826052943595
F7,DRTO,4,0.04961299798174184
F7,DRTO,5,0.02541022476413131
F7,DRTO,6,0.016264339410213262
F7,DRTO,7,0.14072639268304407
F7,DRTO,8,0.022001216662827998
F7,DRTO,9,0.010836664469468023
F7,DRTO,10,0.03142800206811322
F7,DRTO,11,0.03093403700603538
F7,DRTO,12,0.0435745712990094
F7,DRTO,13,0.028898956649911038
F7,DRTO,14,0.04576714135949007
F7,DRTO,15,0.015336001252254833
F7,DRTO,16,0.011215267892870492
F7,DRTO,17,0.04369393957494689
F7,DRTO,18,0.025900522198564237
F7,DRTO,19,0.033243036204357486
F7,DRTO,20,0.02862448237881568
F7,DRTO,21,0.05508276162278274
F7,DRTO,22,0.029695917934570958
F7,DRTO,23,0.021442133616531304
F7,DRTO,24,0.010047452564531654
F7,DRTO,25,0.021948419114212653
F7,DRTO,26,0.027349299111724526
F7,DRTO,27,0.029306335776939467
F7,DRTO,28,0.019558903865780665
F7,DRTO,29,0.03464723391007289
F8,DRTO-open,0,2722.007626760291
F8,DRTO-open,1,3447.9226230025924
F8,DRTO-open,2,3298.6646261389124
F8,DRTO-open,3,2391.888646270614
F8,DRTO-open,4,2759.795001738734
F8,DRTO-open,5,1712.429077960147
F8,DRTO-open,6,3341.8311784722446
F8,DRTO-open,7,3037.9630252976385
F8,DRTO-open,8,2901.146911680613
F8,DRTO-open,9,3704.3897007584546
F8,DRTO-open,10,3293.816164366239
F8,DRTO-open,11,2661.31773983301
F8,DRTO-open,12,2603.8684460388467
F8,DRTO-open,13,2647.638215062967
F8,DRTO-open,14,2178.0480559032912
F8,DRTO-open,15,3096.8256762065157
F8,DRTO-open,16,3278.3510125101966
F8,DRTO-open,17,3316.9944473003343
F8,DRTO-open,18,2253.819665217912
F8,DRTO-open,19,2798.5072781753897
F8,DRTO-open,20,1894.4505712798
F8,DRTO-open,21,3398.8325499557286
F8,DRTO-open,22,2224.1368904233423
F8,DRTO-open,23,3323.0380417022716
F8,DRTO-open,24,3602.3673029168785
F8,DRTO-open,25,2728.181910673007
F8,DRTO-open,26,2132.1016333966854
F8,DRTO-open,27,3081.161922479203
F8,DRTO-open,28,2554.61844754887
F8,DRTO-open,29,2480.0741395646455
F8,DRTO,0,2613.327425739193
F8,DRTO,1,2826.15102993668
F8,DRTO,2,2336.622580916928
F8,DRTO,3,1872.1950257753779
F8,DRTO,4,3263.3292273525476
F8,DRTO,5,2513.3973363576115
F8,DRTO,6,2870.009925360857
F8,DRTO,7,2909.707424171311
F8,DRTO,8,2731.7484670674366
F8,DRTO,9,3425.6313432774896
F8,DRTO,10,3782.8221921917775
F8,DRTO,11,2354.6321646457527
F8,DRTO,12,2609.1128587982475
F8,DRTO,13,3207.210943848273
F8,DRTO,14,2836.8546331987563
F8,DRTO,15,3515.9269699109427
F8,DRTO,16,3011.9458391771113
F8,DRTO,17,3270.290284768311
F8,DRTO,18,2954.482261870753
F8,DRTO,19,2573.040467485558
F8,DRTO,20,3099.386383844145
F8,DRTO,21,2867.271492362477
F8,DRTO,22,3335.660603164122
F8,DRTO,23,3313.781885592929
F8,DRTO,24,2975.669529353505
F8,DRTO,25,2204.447882377659
F8,DRTO,26,2642.3741929337775
F8,DRTO,27,3232.725827457005
F8,DRTO,28,1943.510395939329
F8,DRTO,29,2428.702507195365
F9,DRTO-open,0,42.391205396879045
F9,DRTO-open,1,40.09992453717844
F9,DRTO-open,2,28.862977717456946
F9,DRTO-open,3,33.10535792990612
F9,DRTO-open,4,40.513764456978144
F9,DRTO-open,5,35.27428165009718
F9,DRTO-open,6,37.09767738248982
F9,DRTO-open,7,23.431906057866076
F9,DRTO-open,8,28.615095466742446
F9,DRTO-open,9,35.84911640863578
F9,DRTO-open,10,34.09983951253693
F9,DRTO-open,11,28.805167913043604
F9,DRTO-open,12,40.50124554865433
F9,DRTO-open,13,26.01054023598553
F9,DRTO-open,14,35.48377777747967
F9,DRTO-open,15,28.09931353297643
F9,DRTO-open,16,31.868882158125366
F9,DRTO-open,17,38.25909698736524
F9,DRTO-open,18,33.4902878246012
F9,DRTO-open,19,28.124334363505714
F9,DRTO-open,20,36.33270061659243
F9,DRTO-open,21,35.91262130216971
F9,DRTO-open,22,40.577917606206896
F9,DRTO-open,23,43.598155373049096
F9,DRTO-open,24,32.42624973247213
F9,DRTO-open,25,31.46618957368669
F9,DRTO-open,26,30.212886304098326
F9,DRTO-open,27,29.667579742961156
F9,DRTO-open,28,34.620423834068596
F9,DRTO-open,29,33.821805310110676
F9,DRTO,0,29.614027848957583
F9,DRTO,1,37.53274442632666
F9,DRTO,2,31.716121049572884
F9,DRTO,3,34.83961989832585
F9,DRTO,4,33.33548645143115
F9,DRTO,5,32.46905655953577
F9,DRTO,6,28.269976225472966
F9,DRTO,7,28.403397939495314
F9,DRTO,8,38.520388122597716
F9,DRTO,9,31.86655308481989
F9,DRTO,10,37.309743214504664
F9,DRTO,11,26.037226637569155
F9,DRTO,12,33.0693035949832
F9,DRTO,13,31.3146731751205
F9,DRTO,14,34.62179517420297
F9,DRTO,15,31.305761225834424
F9,DRTO,16,33.73084545837982
F9,DRTO,17,35.37545424781829
F9,DRTO,18,38.953501492340635
F9,DRTO,19,37.811795139682495
F9,DRTO,20,34.568908236164255
F9,DRTO,21,27.99549635542711
F9,DRTO,22,35.305086095108734
F9,DRTO,23,35.74419098473304
F9,DRTO,24,34.23483293367411
F9,DRTO,25,29.044743524686417
F9,DRTO,26,32.69439103364925
F9,DRTO,27,31.713161873220116
F9,DRTO,28,34.386623358500046
F9,DRTO,29,31.802926798972628
F10,DRTO-open,0,2.013447943838561
F10,DRTO-open,1,2.4953933914796704
F10,DRTO-open,2,2.4958763781248945
F10,DRTO-open,3,2.7376988449953257
F10,DRTO-open,4,3.4041584508086946
F10,DRTO-open,5,5.023968327437959
F10,DRTO-open,6,2.7429761251373717
F10,DRTO-open,7,2.8773797015987204
F10,DRTO-open,8,1.8997753872072711
F10,DRTO-open,9,2.6843132076184344
F10,DRTO-open,10,3.63395195025775
F10,DRTO-open,11,4.779624181380306
F10,DRTO-open,12,2.660603288062266
F10,DRTO-open,13,1.8997440511881654
F10,DRTO-open,14,2.120086226611154
F10,DRTO-open,15,2.1200803779419073
F10,DRTO-open,16,1.3406166795852852
F10,DRTO-open,17,4.424396173953305
F10,DRTO-open,18,1.3461840402859484
F10,DRTO-open,19,2.413322513423854
F10,DRTO-open,20,3.0302363394484364
F10,DRTO-open,21,2.0180797380191504
F10,DRTO-open,22,2.3168487918475873
F10,DRTO-open,23,1.7780562143058956
F10,DRTO-open,24,4.123502603772078
F10,DRTO-open,25,2.6617719021858695
F10,DRTO-open,26,1.9014164474974717
F10,DRTO-open,27,1.509485534617991
F10,DRTO-open,28,3.2844448211017263
F10,DRTO-open,29,0.7135320832020011
F10,DRTO,0,2.7726895002189167e-08
F10,DRTO,1,0.0002512444169586736
F10,DRTO,2,8.669677667016984e-05
F10,DRTO,3,3.247271296302756e-08
F10,DRTO,4,2.0051345916982655e-08
F10,DRTO,5,5.4614134104014056e-08
F10,DRTO,6,2.7235750099663392e-08
F10,DRTO,7,6.665478512291045e-05
F10,DRTO,8,1.8810928681389782e-07
F10,DRTO,9,1.8086122932636783e-06
F10,DRTO,10,2.605795446086745e-08
F10,DRTO,11,3.567481998700828e-08
F10,DRTO,12,2.347588479167939e-08
F10,DRTO,13,2.4297172491305474e-05
F10,DRTO,14,0.06781910198945384
F10,DRTO,15,2.957879674525543e-08
F10,DRTO,16,2.913150298766709e-08
F10,DRTO,17,2.801614273906239e-08
F10,DRTO,18,3.8979664385152546e-08
F10,DRTO,19,2.5958620586408188e-08
F10,DRTO,20,0.06473909455209581
F10,DRTO,21,0.0038066779715681953
F10,DRTO,22,3.271223691925229e-08
F10,DRTO,23,9.274017687133096e-08
F10,DRTO,24,4.320602681406882e-06
F10,DRTO,25,2.503943408171949e-08
F10,DRTO,26,1.914347294462715e-06
F10,DRTO,27,2.8246561090128353e-08
F10,DRTO,28,3.0830133557202544e-08
F10,DRTO,29,2.3458845976875864e-08
F11,DRTO-open,0,1.2655061961484364
F11,DRTO-open,1,1.0287084224933045
F11,DRTO-open,2,0.44875477737018765
F11,DRTO-open,3,0.6909294631491583
F11,DRTO-open,4,1.069743739824878
F11,DRTO-open,5,1.1819589495184313
F11,DRTO-open,6,1.220087211945474
F11,DRTO-open,7,2.74871431090841
F11,DRTO-open,8,0.9394735830809889
F11,DRTO-open,9,1.195005609536277
F11,DRTO-open,10,0.9641831808797741
F11,DRTO-open,11,1.0528464339951293
F11,DRTO-open,12,0.06878708310677684
F11,DRTO-open,13,1.4533492346513026
F11,DRTO-open,14,4.465685250170725
F11,DRTO-open,15,1.165336397466961
F11,DRTO-open,16,0.3168141492951029
F11,DRTO-open,17,1.115624599375997
F11,DRTO-open,18,0.6647906592641193
F11,DRTO-open,19,1.112171692736207
F11,DRTO-open,20,1.051715496897378
F11,DRTO-open,21,1.1645511223813791
F11,DRTO-open,22,0.609442480292332
F11,DRTO-open,23,0.9870876332335314
F11,DRTO-open,24,1.03398309938552
F11,DRTO-open,25,1.4181864426636253
F11,DRTO-open,26,1.1989904095985988
F11,DRTO-open,27,1.062794521316174
F11,DRTO-open,28,1.0476129225026036
F11,DRTO-open,29,1.271945571121674
F11,DRTO,0,0.008668853140255783
F11,DRTO,1,4.3485551591837535e-06
F11,DRTO,2,0.0005783478579970414
F11,DRTO,3,0.006342412322944857
F11,DRTO,4,0.006718010111121497
F11,DRTO,5,0.04367438181292693
F11,DRTO,6,0.04101270673460089
F11,DRTO,7,0.0028436216172360584
F11,DRTO,8,0.01309381192239134
F11,DRTO,9,0.007099288208939902
F11,DRTO,10,0.058207206382885124
F11,DRTO,11,0.08866991644653743
F11,DRTO,12,0.029685876942689093
F11,DRTO,13,0.002549566191713315
F11,DRTO,14,0.0597459023180249
F11,DRTO,15,0.018478148690359575
F11,DRTO,16,0.006238211977791397
F11,DRTO,17,0.0006054122423925223
F11,DRTO,18,0.0011905308468010967
F11,DRTO,19,0.00863789155547956
F11,DRTO,20,0.028659610506059252
F11,DRTO,21,0.021020809024455134
F11,DRTO,22,0.00012101656515162151
F11,DRTO,23,0.011411514237636866
F11,DRTO,24,0.0009246698229848915
F11,DRTO,25,0.003798689903673047
F11,DRTO,26,0.00044198386150262614
F11,DRTO,27,0.0005737110517045618
F11,DRTO,28,5.0802624600221336e-05
F11,DRTO,29,0.000674699192100281
F12,DRTO-open,0,2.1267609788629027
F12,DRTO-open,1,5.248350688282049
F12,DRTO-open,2,3.8564480903429383
F12,DRTO-open,3,1.1811911208182313
F12,DRTO-open,4,1.0813446234421336
F12,DRTO-open,5,4.493679235121611
F12,DRTO-open,6,2.6664055000769484
F12,DRTO-open,7,0.3766247752091995
F12,DRTO-open,8,1.9644014837782378
F12,DRTO-open,9,0.6834701745993876
F12,DRTO-open,10,1.080191668729127
F12,DRTO-open,11,1.4919917240194138
F12,DRTO-open,12,1.1713972638256787
F12,DRTO-open,13,1.4968364239743648
F12,DRTO-open,14,0.6464350366161595
F12,DRTO-open,15,1.2645940482489735
F12,DRTO-open,16,1.7182255106434816
F12,DRTO-open,17,8.603530394907732
F12,DRTO-open,18,3.3891060732746285
F12,DRTO-open,19,0.8282304042895574
F12,DRTO-open,20,1.8278414708148363
F12,DRTO-open,21,0.8778361150193474
F12,DRTO-open,22,2.088520113780583
F12,DRTO-open,23,3.1455269200813447
F12,DRTO-open,24,3.9590072258009985
F12,DRTO-open,25,0.3549105237704276
F12,DRTO-open,26,0.5014434178784862
F12,DRTO-open,27,2.470509475954803
F12,DRTO-open,28,0.8736747249922032
F12,DRTO-open,29,1.5679021024758446
F12,DRTO,0,1.22851361246153
F12,DRTO,1,0.11456144793763658
F12,DRTO,2,0.4104571167510899
F12,DRTO,3,0.03419143094113311
F12,DRTO,4,0.01657825406912216
F12,DRTO,5,0.24663842897739158
F12,DRTO,6,0.7340895094109504
F12,DRTO,7,0.08782903195311229
F12,DRTO,8,0.1596124773758522
F12,DRTO,9,0.21233308780013446
F12,DRTO,10,0.23938104010932362
F12,DRTO,11,0.042761211049864564
F12,DRTO,12,0.0036500310671734614
F12,DRTO,13,0.5607122605846042
F12,DRTO,14,0.24755847043229776
F12,DRTO,15,0.5099098910115861
F12,DRTO,16,0.28341215110443774
F12,DRTO,17,0.2053081050170306
F12,DRTO,18,0.19037424147056162
F12,DRTO,19,0.03794833499953367
F12,DRTO,20,0.02448628094173125
F12,DRTO,21,0.06125359471734176
F12,DRTO,22,0.21465077625311088
F12,DRTO,23,0.0031358393062667286
F12,DRTO,24,0.0026783098763653633
F12,DRTO,25,0.03198226365574315
F12,DRTO,26,0.0002625887352836773
F12,DRTO,27,0.005812141165158942
F12,DRTO,28,0.15626586131149864
F12,DRTO,29,0.4414573959724068
F13,DRTO-open,0,1.7254022179179835
F13,DRTO-open,1,5.358654954798492
F13,DRTO-open,2,2.3124199357735478
F13,DRTO-open,3,1.3594394833187846
F13,DRTO-open,4,5.7963338664297055
F13,DRTO-open,5,47.73095863030316
F13,DRTO-open,6,41.53677650545649
F13,DRTO-open,7,8.450189621447567
F13,DRTO-open,8,17.716913895796434
F13,DRTO-open,9,46.949218264512005
F13,DRTO-open,10,10.350554090998292
F13,DRTO-open,11,3.2475947880892893
F13,DRTO-open,12,2.431420900901701
F13,DRTO-open,13,0.5599457358988803
F13,DRTO-open,14,2.308639133318218
F13,DRTO-open,15,2.1295725215584294
F13,DRTO-open,16,0.8252873651611559
F13,DRTO-open,17,1.7162065748033841
F13,DRTO-open,18,19.260269106540992
F13,DRTO-open,19,30.1377478334824
F13,DRTO-open,20,10.714512482863473
F13,DRTO-open,21,13.29757606961762
F13,DRTO-open,22,5.055678481284794
F13,DRTO-open,23,45.68210157844648
F13,DRTO-open,24,13.02749430719998
F13,DRTO-open,25,4.065365944413466
F13,DRTO-open,26,10.881390782003622
F13,DRTO-open,27,7.7426094835807575
F13,DRTO-open,28,0.6683988485691236
F13,DRTO-open,29,11.00802924631866
F13,DRTO,0,0.0009049824527005926
F13,DRTO,1,0.0020521737805259442
F13,DRTO,2,0.0003742398540623155
F13,DRTO,3,0.012020792740287122
F13,DRTO,4,0.7522394761376796
F13,DRTO,5,0.0072469856913872435
F13,DRTO,6,0.0013990531743715018
F13,DRTO,7,0.011894299289640562
F13,DRTO,8,0.013900842104327953
F13,DRTO,9,0.5878161856630034
F13,DRTO,10,0.007041508211568451
F13,DRTO,11,0.00047776271881646095
F13,DRTO,12,0.0002899686107599435
F13,DRTO,13,0.03255393686096905
F13,DRTO,14,0.011320697302748069
F13,DRTO,15,0.008100869157931337
F13,DRTO,16,0.0167197398913355
F13,DRTO,17,0.20354217335202016
F13,DRTO,18,0.08675496399369347
F13,DRTO,19,0.001165990497753305
F13,DRTO,20,0.47412399633144586
F13,DRTO,21,0.00046242317388214767
F13,DRTO,22,0.011375157102663555
F13,DRTO,23,0.05277962947796311
F13,DRTO,24,0.01573286719999416
F13,DRTO,25,0.00012048526899725043
F13,DRTO,26,0.08770807693065513
F13,DRTO,27,0.002988380281458683
F13,DRTO,28,0.0015856423896278143
F13,DRTO,29,0.0480648281089599
SR-F1,DRTO-open,0,966.8268467549805
SR-F1,DRTO-open,1,1202.9173962443094
SR-F1,DRTO-open,2,3080.402156673242
SR-F1,DRTO-open,3,700.7131766320949
SR-F1,DRTO-open,4,1848.6852949080055
SR-F1,DRTO-open,5,1883.0346838637104
SR-F1,DRTO-open,6,2390.1786657192747
SR-F1,DRTO-open,7,1525.5377475984328
SR-F1,DRTO-open,8,4164.81504243311
SR-F1,DRTO-open,9,2407.938633831663
SR-F1,DRTO-open,10,1035.6093426419404
SR-F1,DRTO-open,11,643.2391697190692
SR-F1,DRTO-open,12,674.6005532468497
SR-F1,DRTO-open,13,1898.574358727956
SR-F1,DRTO-open,14,5214.898490357247
SR-F1,DRTO-open,15,4026.485892482406
SR-F1,DRTO-open,16,1754.657789256823
SR-F1,DRTO-open,17,4130.180881725425
SR-F1,DRTO-open,18,1478.8353381806126
SR-F1,DRTO-open,19,2882.4024827851404
SR-F1,DRTO-open,20,2416.3499280287538
SR-F1,DRTO-open,21,2235.809824913159
SR-F1,DRTO-open,22,2171.9100077755506
SR-F1,DRTO-open,23,1635.8372635127305
SR-F1,DRTO-open,24,1618.6110941750721
SR-F1,DRTO-open,25,1001.6127286950211
SR-F1,DRTO-open,26,1384.660114687167
SR-F1,DRTO-open,27,4707.456632575716
SR-F1,DRTO-open,28,2650.1255804543657
SR-F1,DRTO-open,29,1969.8867926502628
SR-F1,DRTO,0,2.5648121619867017
SR-F1,DRTO,1,1.1392425922460214
SR-F1,DRTO,2,192.89280428391328
SR-F1,DRTO,3,9.854170619059071e-15
SR-F1,DRTO,4,6.114821102029524
SR-F1,DRTO,5,9.445738367259872e-15
SR-F1,DRTO,6,2.899454783905302e-14
SR-F1,DRTO,7,2.1241537512140223
SR-F1,DRTO,8,127.60862688343896
SR-F1,DRTO,9,0.0061350341309544115
SR-F1,DRTO,10,144.97460723118624
SR-F1,DRTO,11,1.1108830663618683e-14
SR-F1,DRTO,12,0.061409937220362885
SR-F1,DRTO,13,41.69702407495211
SR-F1,DRTO,14,5.536206674212884
SR-F1,DRTO,15,3.99149808350103
SR-F1,DRTO,16,1.1909224779592765e-14
SR-F1,DRTO,17,300.650155273712
SR-F1,DRTO,18,2.704369854000048
SR-F1,DRTO,19,0.0004933617094662085
SR-F1,DRTO,20,5.850731494494223e-12
SR-F1,DRTO,21,741.4292236714865
SR-F1,DRTO,22,6.942801147801467
SR-F1,DRTO,23,2.763604178404104e-05
SR-F1,DRTO,24,0.011911929085205181
SR-F1,DRTO,25,0.0012251433231769348
SR-F1,DRTO,26,6.139480042540832e-10
SR-F1,DRTO,27,14.433618198530917
SR-F1,DRTO,28,4.1495155859952143e-07
SR-F1,DRTO,29,4.3064979787658497e-10
SR-F2,DRTO-open,0,42.63223291067849
SR-F2,DRTO-open,1,43.724836338701394
SR-F2,DRTO-open,2,38.8071155763832
SR-F2,DRTO-open,3,52.5419620738012
SR-F2,DRTO-open,4,45.65289068154511
SR-F2,DRTO-open,5,29.22811294804965
SR-F2,DRTO-open,6,49.73235375488073
SR-F2,DRTO-open,7,38.10638638788748
SR-F2,DRTO-open,8,55.09223152126491
SR-F2,DRTO-open,9,67.18494506577107
SR-F2,DRTO-open,10,56.03720702086594
SR-F2,DRTO-open,11,34.77728922238539
SR-F2,DRTO-open,12,22.730444686242095
SR-F2,DRTO-open,13,49.851743142021945
SR-F2,DRTO-open,14,34.42005476471196
SR-F2,DRTO-open,15,44.56103022108572
SR-F2,DRTO-open,16,49.352568794761446
SR-F2,DRTO-open,17,35.37933956224968
SR-F2,DRTO-open,18,30.172046608935794
SR-F2,DRTO-open,19,28.423908402445722
SR-F2,DRTO-open,20,24.20086833759549
SR-F2,DRTO-open,21,37.08258740518191
SR-F2,DRTO-open,22,41.207396930217776
SR-F2,DRTO-open,23,45.286892602451154
SR-F2,DRTO-open,24,36.43697661202745
SR-F2,DRTO-open,25,40.60094217156293
SR-F2,DRTO-open,26,41.724721194024376
SR-F2,DRTO-open,27,36.50915420860195
SR-F2,DRTO-open,28,25.671272629369582
SR-F2,DRTO-open,29,60.83519223423596
SR-F2,DRTO,0,48.7128532627437
SR-F2,DRTO,1,26.17730733933372
SR-F2,DRTO,2,34.51289930549152
SR-F2,DRTO,3,47.96996032654417
SR-F2,DRTO,4,40.95707016274854
SR-F2,DRTO,5,41.72692133490089
SR-F2,DRTO,6,33.645675808607365
SR-F2,DRTO,7,12.68788668529322
SR-F2,DRTO,8,53.63895743320732
SR-F2,DRTO,9,50.626465830995194
SR-F2,DRTO,10,61.47738297202275
SR-F2,DRTO,11,43.32453359814171
SR-F2,DRTO,12,53.15987398868627
SR-F2,DRTO,13,52.860174696304576
SR-F2,DRTO,14,40.75126083220962
SR-F2,DRTO,15,64.05063018709252
SR-F2,DRTO,16,40.3933002091323
SR-F2,DRTO,17,44.783701280127794
SR-F2,DRTO,18,44.50413107996001
SR-F2,DRTO,19,36.237656072446995
SR-F2,DRTO,20,43.40424608453851
SR-F2,DRTO,21,47.18530039175256
SR-F2,DRTO,22,53.177426657378255
SR-F2,DRTO,23,33.88310059010643
SR-F2,DRTO,24,46.069743694624506
SR-F2,DRTO,25,40.465330140390336
SR-F2,DRTO,26,53.36494474634443
SR-F2,DRTO,27,33.38601971784
SR-F2,DRTO,28,31.548893538515273
SR-F2,DRTO,29,44.24181873909497
SR-F3,DRTO-open,0,15793.109206016143
SR-F3,DRTO-open,1,7278.44245392879
SR-F3,DRTO-open,2,13027.236394617557
SR-F3,DRTO-open,3,15599.709555463336
SR-F3,DRTO-open,4,12667.960631300548
SR-F3,DRTO-open,5,9397.985671606211
SR-F3,DRTO-open,6,14981.771161930337
SR-F3,DRTO-open,7,8177.004601092118
SR-F3,DRTO-open,8,12551.163784336306
SR-F3,DRTO-open,9,8097.458790659462
SR-F3,DRTO-open,10,11611.283862003627
SR-F3,DRTO-open,11,10857.428636909153
SR-F3,DRTO-open,12,21804.154684685043
SR-F3,DRTO-open,13,8390.142293685227
SR-F3,DRTO-open,14,13347.648199565449
SR-F3,DRTO-open,15,20353.610202378728
SR-F3,DRTO-open,16,14164.634930543027
SR-F3,DRTO-open,17,10035.794836873107
SR-F3,DRTO-open,18,9884.716295805285
SR-F3,DRTO-open,19,15221.468278783534
SR-F3,DRTO-open,20,28122.508247058493
SR-F3,DRTO-open,21,12378.734771049769
SR-F3,DRTO-open,22,9967.818069728975
SR-F3,DRTO-open,23,12687.411287668352
SR-F3,DRTO-open,24,17249.84007669081
SR-F3,DRTO-open,25,11991.099249720803
SR-F3,DRTO-open,26,10029.716381390572
SR-F3,DRTO-open,27,11904.412556429063
SR-F3,DRTO-open,28,40257.679511249145
SR-F3,DRTO-open,29,13920.670272313004
SR-F4,DRTO-open,0,33.91348257338417
SR-F4,DRTO-open,1,45.77839355019995
SR-F4,DRTO-open,2,34.06717377701968
SR-F4,DRTO-open,3,39.31857080114343
SR-F4,DRTO-open,4,20.72211853659803
SR-F4,DRTO-open,5,35.639374733508404
SR-F4,DRTO-open,6,34.418144795222204
SR-F4,DRTO-open,7,25.252211565492257
SR-F4,DRTO-open,8,31.101981583469097
SR-F4,DRTO-open,9,33.47780664964577
SR-F4,DRTO-open,10,27.61432603972848
SR-F4,DRTO-open,11,41.32651976153045
SR-F4,DRTO-open,12,21.595144404356027
SR-F4,DRTO-open,13,34.262969384878836
SR-F4,DRTO-open,14,22.537679121863512
SR-F4,DRTO-open,15,34.11557762570629
SR-F4,DRTO-open,16,36.293306658557775
SR-F4,DRTO-open,17,32.07640995000322
SR-F4,DRTO-open,18,32.05013324403315
SR-F4,DRTO-open,19,35.79492308909904
SR-F4,DRTO-open,20,22.624937992600415
SR-F4,DRTO-open,21,27.08321723172297
SR-F4,DRTO-open,22,27.45018542351227
SR-F4,DRTO-open,23,14.172131590683229
SR-F4,DRTO-open,24,22.464351933128114
SR-F4,DRTO-open,25,41.29922972112188
SR-F4,DRTO-open,26,25.04648449435033
SR-F4,DRTO-open,27,23.402491270966085
SR-F4,DRTO-open,28,30.27178179475436
SR-F4,DRTO-open,29,31.91265309689804
SR-F3,DRTO,0,10065.49606264184
SR-F3,DRTO,1,18258.475954458634
SR-F3,DRTO,2,5417.579011912633
SR-F3,DRTO,3,11821.326670937155
SR-F3,DRTO,4,9708.370276298685
SR-F3,DRTO,5,7076.349780089955
SR-F3,DRTO,6,5462.141565920382
SR-F3,DRTO,7,5095.985728085328
SR-F3,DRTO,8,10946.267013195526
SR-F3,DRTO,9,4578.492178533618
SR-F3,DRTO,10,13831.949910098389
SR-F3,DRTO,11,10918.844806860774
SR-F3,DRTO,12,13627.512931130985
SR-F3,DRTO,13,9396.60959533196
SR-F3,DRTO,14,8744.478542994128
SR-F3,DRTO,15,7847.854864538747
SR-F3,DRTO,16,6871.827109072644
SR-F3,DRTO,17,7604.2854993426035
SR-F3,DRTO,18,10781.224422010933
SR-F3,DRTO,19,14734.467783432656
SR-F3,DRTO,20,8150.464150598902
SR-F3,DRTO,21,8595.93342664165
SR-F3,DRTO,22,12280.838198807507
SR-F3,DRTO,23,21566.235425373867
SR-F3,DRTO,24,7647.742345753207
SR-F3,DRTO,25,16458.453826726673
SR-F3,DRTO,26,5200.550162454624
SR-F3,DRTO,27,5039.313274673857
SR-F3,DRTO,28,18553.54839017731
SR-F3,DRTO,29,8884.926110238399
SR-F4,DRTO,0,34.299241892998865
SR-F4,DRTO,1,26.96596593325734
SR-F4,DRTO,2,27.263218860672787
SR-F4,DRTO,3,31.654134944638727
SR-F4,DRTO,4,19.50770219791547
SR-F4,DRTO,5,24.565921054759126
SR-F4,DRTO,6,20.594219090568743
SR-F4,DRTO,7,21.99155821462043
SR-F4,DRTO,8,18.562847267245242
SR-F4,DRTO,9,36.73995216182419
SR-F4,DRTO,10,21.456478517624877
SR-F4,DRTO,11,31.42333389002806
SR-F4,DRTO,12,31.270407629469783
SR-F4,DRTO,13,14.487830398699453
SR-F4,DRTO,14,26.374189493862158
SR-F4,DRTO,15,29.986540205624724
SR-F4,DRTO,16,18.76365422957068
SR-F4,DRTO,17,26.10984389406672
SR-F4,DRTO,18,18.055320310662182
SR-F4,DRTO,19,21.984962703076647
SR-F4,DRTO,20,22.373401609557007
SR-F4,DRTO,21,39.63996353965973
SR-F4,DRTO,22,23.980575998960727
SR-F4,DRTO,23,31.413972547711758
SR-F4,DRTO,24,29.02878581116848
SR-F4,DRTO,25,24.104621792172043
SR-F4,DRTO,26,24.833460411750302
SR-F4,DRTO,27,15.622272633299897
SR-F4,DRTO,28,26.47995225390653
SR-F4,DRTO,29,17.35906505074408
SR-F9,DRTO-open,0,159.28503546217576
SR-F9,DRTO-open,1,150.7450865970424
SR-F9,DRTO-open,2,167.18004810261468
SR-F9,DRTO-open,3,124.4652408929302
SR-F9,DRTO-open,4,141.78435923777928
SR-F9,DRTO-open,5,167.17135923836162
SR-F9,DRTO-open,6,160.4685080623118
SR-F9,DRTO-open,7,162.42350276319152
SR-F9,DRTO-open,8,151.18657420618095
SR-F9,DRTO-open,9,207.3927046372159
SR-F9,DRTO-open,10,135.84139783614694
SR-F9,DRTO-open,11,143.75382083673574
SR-F9,DRTO-open,12,147.40136879454695
SR-F9,DRTO-open,13,159.00543846486264
SR-F9,DRTO-open,14,165.2979845485553
SR-F9,DRTO-open,15,177.2563815508601
SR-F9,DRTO-open,16,142.99553109648298
SR-F9,DRTO-open,17,152.33503462524064
SR-F9,DRTO-open,18,139.22982711218768
SR-F9,DRTO-open,19,133.3577354515874
SR-F9,DRTO-open,20,127.26327989339669
SR-F9,DRTO-open,21,156.7751088641725
SR-F9,DRTO-open,22,117.297729387246
SR-F9,DRTO-open,23,160.17379104627523
SR-F9,DRTO-open,24,148.73137428170068
SR-F9,DRTO-open,25,157.1839675154635
SR-F9,DRTO-open,26,151.85047495017335
SR-F9,DRTO-open,27,150.91907299251514
SR-F9,DRTO-open,28,168.67172830786498
SR-F9,DRTO-open,29,167.68650545685713
SR-F9,DRTO,0,144.97368512836823
SR-F9,DRTO,1,147.16856717998985
SR-F9,DRTO,2,134.00786592993225
SR-F9,DRTO,3,146.89604673781125
SR-F9,DRTO,4,143.07613736358377
SR-F9,DRTO,5,166.4518146786561
SR-F9,DRTO,6,153.36059942189482
SR-F9,DRTO,7,134.1525767663222
SR-F9,DRTO,8,134.59300370803302
SR-F9,DRTO,9,126.45450942887805
SR-F9,DRTO,10,135.25321367958904
SR-F9,DRTO,11,161.7862822215908
SR-F9,DRTO,12,129.302038496894
SR-F9,DRTO,13,178.89014397589975
SR-F9,DRTO,14,150.1276409282112
SR-F9,DRTO,15,150.35537620388638
SR-F9,DRTO,16,153.32949522098806
SR-F9,DRTO,17,134.6120643838483
SR-F9,DRTO,18,194.7443322497965
SR-F9,DRTO,19,134.31105666856263
SR-F9,DRTO,20,142.2019076060755
SR-F9,DRTO,21,192.3400429083736
SR-F9,DRTO,22,168.01368507597942
SR-F9,DRTO,23,143.4824202326181
SR-F9,DRTO,24,133.33868350468504
SR-F9,DRTO,25,136.35209850168718
SR-F9,DRTO,26,163.21434385290019
SR-F9,DRTO,27,160.5575283028607
SR-F9,DRTO,28,132.33343595906314
SR-F9,DRTO,29,166.63725800969573
SR-F10,DRTO-open,0,8.152869248362713
SR-F10,DRTO-open,1,12.753321600955148
SR-F10,DRTO-open,2,10.050592368312813
SR-F10,DRTO-open,3,7.7958426357046235
SR-F10,DRTO-open,4,9.500331263691026
SR-F10,DRTO-open,5,12.497404971587649
SR-F10,DRTO-open,6,9.74605717702783
SR-F10,DRTO-open,7,11.722210108703935
SR-F10,DRTO-open,8,9.939393564055269
SR-F10,DRTO-open,9,7.511045660153041
SR-F10,DRTO-open,10,9.395696028757381
SR-F10,DRTO-open,11,6.735146697010805
SR-F10,DRTO-open,12,12.02747861546956
SR-F10,DRTO-open,13,12.491458424921422
SR-F10,DRTO-open,14,14.0392438582596
SR-F10,DRTO-open,15,10.753377731541432
SR-F10,DRTO-open,16,12.075539504865407
SR-F10,DRTO-open,17,9.432400054350376
SR-F10,DRTO-open,18,8.241749292136198
SR-F10,DRTO-open,19,10.746938591103842
SR-F10,DRTO-open,20,9.647150940676237
SR-F10,DRTO-open,21,12.464476113323244
SR-F10,DRTO-open,22,12.12035461621148
SR-F10,DRTO-open,23,12.224646443052578
SR-F10,DRTO-open,24,12.234837641534984
SR-F10,DRTO-open,25,8.275605913264009
SR-F10,DRTO-open,26,10.836273907834407
SR-F10,DRTO-open,27,11.053032359064057
SR-F10,DRTO-open,28,7.488535404907429
SR-F10,DRTO-open,29,9.85137072205916
SR-F10,DRTO,0,5.052409815552469
SR-F10,DRTO,1,4.775736303051151
SR-F10,DRTO,2,9.034766267031536
SR-F10,DRTO,3,3.852000611143286
SR-F10,DRTO,4,8.106302704687568
SR-F10,DRTO,5,7.165738929939771
SR-F10,DRTO,6,8.494734060919223
SR-F10,DRTO,7,4.531960822720958
SR-F10,DRTO,8,7.029888631125436
SR-F10,DRTO,9,3.1218269217229317
SR-F10,DRTO,10,3.785670676967087
SR-F10,DRTO,11,9.818633206236541
SR-F10,DRTO,12,7.960090068619028
SR-F10,DRTO,13,3.929059461930678
SR-F10,DRTO,14,13.173506329183008
SR-F10,DRTO,15,3.1027268711657574
SR-F10,DRTO,16,7.31010750060015
SR-F10,DRTO,17,1.352570311830608
SR-F10,DRTO,18,11.03348556787529
SR-F10,DRTO,19,4.418359465272996
SR-F10,DRTO,20,3.5314863635332903
SR-F10,DRTO,21,9.16014952867528
SR-F10,DRTO,22,9.001016818503908
SR-F10,DRTO,23,4.322107307605226
SR-F10,DRTO,24,12.22700055655994
SR-F10,DRTO,25,10.207480976691357
SR-F10,DRTO,26,3.2509559156641825
SR-F10,DRTO,27,3.3932399339744923
SR-F10,DRTO,28,3.4808315174529203
SR-F10,DRTO,29,6.129374905371346
SR-F11,DRTO-open,0,10.457529211732641
SR-F11,DRTO-open,1,23.343956279061782
SR-F11,DRTO-open,2,41.15202563888841
SR-F11,DRTO-open,3,10.661737787385992
SR-F11,DRTO-open,4,23.56428297392896
SR-F11,DRTO-open,5,30.026649702120828
SR-F11,DRTO-open,6,67.38361362232818
SR-F11,DRTO-open,7,36.1538713810343
SR-F11,DRTO-open,8,21.995976006755768
SR-F11,DRTO-open,9,20.200046039740275
SR-F11,DRTO-open,10,56.95867700748285
SR-F11,DRTO-open,11,11.37147736451737
SR-F11,DRTO-open,12,16.32619404560569
SR-F11,DRTO-open,13,64.8308692734452
SR-F11,DRTO-open,14,24.926716187457412
SR-F11,DRTO-open,15,48.89115199126411
SR-F11,DRTO-open,16,28.440900293582306
SR-F11,DRTO-open,17,28.275167010475414
SR-F11,DRTO-open,18,41.71128665774883
SR-F11,DRTO-open,19,15.62931119572684
SR-F11,DRTO-open,20,49.557457590509046
SR-F11,DRTO-open,21,31.245674895771977
SR-F11,DRTO-open,22,12.91420749005729
SR-F11,DRTO-open,23,27.009405060653744
SR-F11,DRTO-open,24,46.60123794211155
SR-F11,DRTO-open,25,38.594093743315824
SR-F11,DRTO-open,26,37.67619214975436
SR-F11,DRTO-open,27,23.244310886863882
SR-F11,DRTO-open,28,63.35621261605483
SR-F11,DRTO-open,29,14.400082393509082
SR-F11,DRTO,0,0.49859255765698685
SR-F11,DRTO,1,3.422563193660145
SR-F11,DRTO,2,1.1874670245275005
SR-F11,DRTO,3,1.4320742105650919
SR-F11,DRTO,4,1.1832987446066379
SR-F11,DRTO,5,1.04820601908446
SR-F11,DRTO,6,1.0638804332897873
SR-F11,DRTO,7,1.3663401375787965
SR-F11,DRTO,8,1.591761748058251
SR-F11,DRTO,9,0.06965644359923784
SR-F11,DRTO,10,6.6599429272902135
SR-F11,DRTO,11,1.091086874826164
SR-F11,DRTO,12,1.4995894267659464
SR-F11,DRTO,13,15.060524212077574
SR-F11,DRTO,14,0.04845848254884011
SR-F11,DRTO,15,1.557007705945532
SR-F11,DRTO,16,0.03910764850290749
SR-F11,DRTO,17,5.490027062461487
SR-F11,DRTO,18,1.3550970831498923
SR-F11,DRTO,19,0.6032730418412529
SR-F11,DRTO,20,2.334806043941649
SR-F11,DRTO,21,1.074106094186802
SR-F11,DRTO,22,0.2716483784927045
SR-F11,DRTO,23,2.716127045132076
SR-F11,DRTO,24,1.3808980114257123
SR-F11,DRTO,25,1.8183568639131686
SR-F11,DRTO,26,2.7273874323009952
SR-F11,DRTO,27,0.29455552419651576
SR-F11,DRTO,28,15.802002466350684
SR-F11,DRTO,29,0.11266691460396572
